Order_Date,Year,Quarter,Month,Month_Name,Day,Week_Number,Weekday
2016-01-02,2016,1,1,January,2,53,Saturday
2016-01-08,2016,1,1,January,8,1,Friday
2016-01-11,2016,1,1,January,11,2,Monday
2016-01-27,2016,1,1,January,27,4,Wednesday
2016-03-14,2016,1,3,March,14,11,Monday
2016-05-11,2016,2,5,May,11,19,Wednesday
2016-05-30,2016,2,5,May,30,22,Monday
2016-06-21,2016,2,6,June,21,25,Tuesday
2016-06-26,2016,2,6,June,26,25,Sunday
2016-08-31,2016,3,8,August,31,35,Wednesday
2016-09-03,2016,3,9,September,3,35,Saturday
2016-09-10,2016,3,9,September,10,36,Saturday
2016-09-13,2016,3,9,September,13,37,Tuesday
2016-09-18,2016,3,9,September,18,37,Sunday
2016-09-23,2016,3,9,September,23,38,Friday
2016-09-24,2016,3,9,September,24,38,Saturday
2016-10-04,2016,4,10,October,4,40,Tuesday
2016-10-22,2016,4,10,October,22,42,Saturday
2016-11-14,2016,4,11,November,14,46,Monday
2016-12-01,2016,4,12,December,1,48,Thursday
2016-12-09,2016,4,12,December,9,49,Friday
2017-02-22,2017,1,2,February,22,8,Wednesday
2017-05-20,2017,2,5,May,20,20,Saturday
2017-05-25,2017,2,5,May,25,21,Thursday
2017-06-02,2017,2,6,June,2,22,Friday
2017-06-13,2017,2,6,June,13,24,Tuesday
2017-06-19,2017,2,6,June,19,25,Monday
2017-07-20,2017,3,7,July,20,29,Thursday
2017-07-24,2017,3,7,July,24,30,Monday
2017-08-13,2017,3,8,August,13,32,Sunday
2017-09-17,2017,3,9,September,17,37,Sunday
2017-10-11,2017,4,10,October,11,41,Wednesday
2017-10-28,2017,4,10,October,28,43,Saturday
2017-11-08,2017,4,11,November,8,45,Wednesday
2017-11-24,2017,4,11,November,24,47,Friday
2017-12-20,2017,4,12,December,20,51,Wednesday
2017-12-22,2017,4,12,December,22,51,Friday
2017-12-27,2017,4,12,December,27,52,Wednesday
2017-12-31,2017,4,12,December,31,52,Sunday
2018-01-01,2018,1,1,January,1,1,Monday
2018-01-12,2018,1,1,January,12,2,Friday
2018-02-16,2018,1,2,February,16,7,Friday
2018-02-20,2018,1,2,February,20,8,Tuesday
2018-03-01,2018,1,3,March,1,9,Thursday
2018-04-29,2018,2,4,April,29,17,Sunday
2018-04-30,2018,2,4,April,30,18,Monday
2018-05-03,2018,2,5,May,3,18,Thursday
2018-05-22,2018,2,5,May,22,21,Tuesday
2018-06-04,2018,2,6,June,4,23,Monday
2018-06-09,2018,2,6,June,9,23,Saturday
2018-06-16,2018,2,6,June,16,24,Saturday
2018-07-01,2018,3,7,July,1,26,Sunday
2018-07-30,2018,3,7,July,30,31,Monday
2018-08-03,2018,3,8,August,3,31,Friday
2018-08-08,2018,3,8,August,8,32,Wednesday
2018-08-31,2018,3,8,August,31,35,Friday
2018-09-06,2018,3,9,September,6,36,Thursday
2018-09-12,2018,3,9,September,12,37,Wednesday
2018-11-05,2018,4,11,November,5,45,Monday
2018-12-17,2018,4,12,December,17,51,Monday
2019-01-04,2019,1,1,January,4,1,Friday
2019-01-22,2019,1,1,January,22,4,Tuesday
2019-01-26,2019,1,1,January,26,4,Saturday
2019-01-31,2019,1,1,January,31,5,Thursday
2019-02-17,2019,1,2,February,17,7,Sunday
2019-02-27,2019,1,2,February,27,9,Wednesday
2019-03-03,2019,1,3,March,3,9,Sunday
2019-03-13,2019,1,3,March,13,11,Wednesday
2019-05-06,2019,2,5,May,6,19,Monday
2019-05-20,2019,2,5,May,20,21,Monday
2019-06-09,2019,2,6,June,9,23,Sunday
2019-06-13,2019,2,6,June,13,24,Thursday
2019-06-30,2019,2,6,June,30,26,Sunday
2019-08-07,2019,3,8,August,7,32,Wednesday
2019-08-11,2019,3,8,August,11,32,Sunday
2019-08-20,2019,3,8,August,20,34,Tuesday
2019-10-08,2019,4,10,October,8,41,Tuesday
2019-10-16,2019,4,10,October,16,42,Wednesday
2019-11-02,2019,4,11,November,2,44,Saturday
2019-12-19,2019,4,12,December,19,51,Thursday
2020-01-08,2020,1,1,January,8,2,Wednesday
2020-01-14,2020,1,1,January,14,3,Tuesday
2020-01-17,2020,1,1,January,17,3,Friday
2020-01-19,2020,1,1,January,19,3,Sunday
2020-02-26,2020,1,2,February,26,9,Wednesday
2020-03-16,2020,1,3,March,16,12,Monday
2020-04-27,2020,2,4,April,27,18,Monday
2020-05-08,2020,2,5,May,8,19,Friday
2020-05-22,2020,2,5,May,22,21,Friday
2020-06-09,2020,2,6,June,9,24,Tuesday
2020-08-15,2020,3,8,August,15,33,Saturday
2020-08-19,2020,3,8,August,19,34,Wednesday
2020-10-02,2020,4,10,October,2,40,Friday
2020-10-15,2020,4,10,October,15,42,Thursday
2020-10-21,2020,4,10,October,21,43,Wednesday
2020-11-18,2020,4,11,November,18,47,Wednesday
2020-12-10,2020,4,12,December,10,50,Thursday
2020-12-16,2020,4,12,December,16,51,Wednesday
2020-12-26,2020,4,12,December,26,52,Saturday
2020-12-29,2020,4,12,December,29,53,Tuesday
2021-01-27,2021,1,1,January,27,4,Wednesday
2016-01-23,2016,1,1,January,23,3,Saturday
2016-03-03,2016,1,3,March,3,9,Thursday
2016-03-04,2016,1,3,March,4,9,Friday
2016-04-26,2016,2,4,April,26,17,Tuesday
2016-05-23,2016,2,5,May,23,21,Monday
2016-06-09,2016,2,6,June,9,23,Thursday
2016-06-18,2016,2,6,June,18,24,Saturday
2016-06-20,2016,2,6,June,20,25,Monday
2016-07-01,2016,3,7,July,1,26,Friday
2016-07-13,2016,3,7,July,13,28,Wednesday
2016-07-28,2016,3,7,July,28,30,Thursday
2016-08-28,2016,3,8,August,28,34,Sunday
2016-09-27,2016,3,9,September,27,39,Tuesday
2016-10-05,2016,4,10,October,5,40,Wednesday
2016-10-06,2016,4,10,October,6,40,Thursday
2016-11-19,2016,4,11,November,19,46,Saturday
2016-11-27,2016,4,11,November,27,47,Sunday
2016-12-03,2016,4,12,December,3,48,Saturday
2017-01-05,2017,1,1,January,5,1,Thursday
2017-01-06,2017,1,1,January,6,1,Friday
2017-01-23,2017,1,1,January,23,4,Monday
2017-03-01,2017,1,3,March,1,9,Wednesday
2017-03-07,2017,1,3,March,7,10,Tuesday
2017-05-01,2017,2,5,May,1,18,Monday
2017-05-13,2017,2,5,May,13,19,Saturday
2017-05-19,2017,2,5,May,19,20,Friday
2017-05-30,2017,2,5,May,30,22,Tuesday
2017-07-02,2017,3,7,July,2,26,Sunday
2017-09-02,2017,3,9,September,2,35,Saturday
2017-09-11,2017,3,9,September,11,37,Monday
2017-10-15,2017,4,10,October,15,41,Sunday
2017-11-05,2017,4,11,November,5,44,Sunday
2017-11-20,2017,4,11,November,20,47,Monday
2017-12-10,2017,4,12,December,10,49,Sunday
2018-01-03,2018,1,1,January,3,1,Wednesday
2018-02-10,2018,1,2,February,10,6,Saturday
2018-04-26,2018,2,4,April,26,17,Thursday
2018-05-06,2018,2,5,May,6,18,Sunday
2018-05-16,2018,2,5,May,16,20,Wednesday
2018-06-20,2018,2,6,June,20,25,Wednesday
2018-07-17,2018,3,7,July,17,29,Tuesday
2018-07-28,2018,3,7,July,28,30,Saturday
2018-08-23,2018,3,8,August,23,34,Thursday
2018-09-01,2018,3,9,September,1,35,Saturday
2018-09-27,2018,3,9,September,27,39,Thursday
2018-10-26,2018,4,10,October,26,43,Friday
2018-11-28,2018,4,11,November,28,48,Wednesday
2018-12-08,2018,4,12,December,8,49,Saturday
2018-12-09,2018,4,12,December,9,49,Sunday
2019-01-28,2019,1,1,January,28,5,Monday
2019-02-03,2019,1,2,February,3,5,Sunday
2019-02-08,2019,1,2,February,8,6,Friday
2019-02-23,2019,1,2,February,23,8,Saturday
2019-03-04,2019,1,3,March,4,10,Monday
2019-03-07,2019,1,3,March,7,10,Thursday
2019-03-08,2019,1,3,March,8,10,Friday
2019-03-11,2019,1,3,March,11,11,Monday
2019-03-16,2019,1,3,March,16,11,Saturday
2019-05-02,2019,2,5,May,2,18,Thursday
2019-05-23,2019,2,5,May,23,21,Thursday
2019-06-02,2019,2,6,June,2,22,Sunday
2019-07-02,2019,3,7,July,2,27,Tuesday
2019-07-08,2019,3,7,July,8,28,Monday
2019-07-14,2019,3,7,July,14,28,Sunday
2019-07-16,2019,3,7,July,16,29,Tuesday
2019-07-21,2019,3,7,July,21,29,Sunday
2019-08-15,2019,3,8,August,15,33,Thursday
2019-08-21,2019,3,8,August,21,34,Wednesday
2019-09-06,2019,3,9,September,6,36,Friday
2019-09-15,2019,3,9,September,15,37,Sunday
2019-10-28,2019,4,10,October,28,44,Monday
2019-11-09,2019,4,11,November,9,45,Saturday
2019-11-20,2019,4,11,November,20,47,Wednesday
2019-11-30,2019,4,11,November,30,48,Saturday
2019-12-05,2019,4,12,December,5,49,Thursday
2019-12-13,2019,4,12,December,13,50,Friday
2019-12-16,2019,4,12,December,16,51,Monday
2019-12-28,2019,4,12,December,28,52,Saturday
2019-12-29,2019,4,12,December,29,52,Sunday
2020-05-12,2020,2,5,May,12,20,Tuesday
2020-07-19,2020,3,7,July,19,29,Sunday
2020-08-06,2020,3,8,August,6,32,Thursday
2020-09-02,2020,3,9,September,2,36,Wednesday
2020-09-04,2020,3,9,September,4,36,Friday
2020-09-11,2020,3,9,September,11,37,Friday
2020-10-03,2020,4,10,October,3,40,Saturday
2020-10-14,2020,4,10,October,14,42,Wednesday
2020-10-23,2020,4,10,October,23,43,Friday
2020-12-14,2020,4,12,December,14,51,Monday
2020-12-22,2020,4,12,December,22,52,Tuesday
2020-12-28,2020,4,12,December,28,53,Monday
2020-12-31,2020,4,12,December,31,53,Thursday
2021-01-04,2021,1,1,January,4,1,Monday
2021-01-08,2021,1,1,January,8,1,Friday
2021-01-23,2021,1,1,January,23,3,Saturday
2021-02-20,2021,1,2,February,20,7,Saturday
2016-01-26,2016,1,1,January,26,4,Tuesday
2016-02-27,2016,1,2,February,27,8,Saturday
2016-03-15,2016,1,3,March,15,11,Tuesday
2016-04-27,2016,2,4,April,27,17,Wednesday
2016-05-04,2016,2,5,May,4,18,Wednesday
2016-06-11,2016,2,6,June,11,23,Saturday
2016-08-17,2016,3,8,August,17,33,Wednesday
2016-09-25,2016,3,9,September,25,38,Sunday
2016-10-13,2016,4,10,October,13,41,Thursday
2016-11-23,2016,4,11,November,23,47,Wednesday
2016-11-26,2016,4,11,November,26,47,Saturday
2016-12-05,2016,4,12,December,5,49,Monday
2016-12-13,2016,4,12,December,13,50,Tuesday
2016-12-20,2016,4,12,December,20,51,Tuesday
2017-01-09,2017,1,1,January,9,2,Monday
2017-01-27,2017,1,1,January,27,4,Friday
2017-02-10,2017,1,2,February,10,6,Friday
2017-02-15,2017,1,2,February,15,7,Wednesday
2017-03-03,2017,1,3,March,3,9,Friday
2017-03-18,2017,1,3,March,18,11,Saturday
2017-04-27,2017,2,4,April,27,17,Thursday
2017-06-23,2017,2,6,June,23,25,Friday
2017-07-05,2017,3,7,July,5,27,Wednesday
2017-07-09,2017,3,7,July,9,27,Sunday
2017-07-22,2017,3,7,July,22,29,Saturday
2017-07-27,2017,3,7,July,27,30,Thursday
2017-08-07,2017,3,8,August,7,32,Monday
2017-08-17,2017,3,8,August,17,33,Thursday
2017-08-31,2017,3,8,August,31,35,Thursday
2017-09-04,2017,3,9,September,4,36,Monday
2017-09-25,2017,3,9,September,25,39,Monday
2017-09-27,2017,3,9,September,27,39,Wednesday
2017-10-04,2017,4,10,October,4,40,Wednesday
2017-10-09,2017,4,10,October,9,41,Monday
2017-10-19,2017,4,10,October,19,42,Thursday
2017-10-24,2017,4,10,October,24,43,Tuesday
2017-11-02,2017,4,11,November,2,44,Thursday
2017-11-15,2017,4,11,November,15,46,Wednesday
2017-11-18,2017,4,11,November,18,46,Saturday
2017-11-27,2017,4,11,November,27,48,Monday
2017-12-08,2017,4,12,December,8,49,Friday
2017-12-21,2017,4,12,December,21,51,Thursday
2018-01-04,2018,1,1,January,4,1,Thursday
2018-01-23,2018,1,1,January,23,4,Tuesday
2018-04-28,2018,2,4,April,28,17,Saturday
2018-05-12,2018,2,5,May,12,19,Saturday
2018-05-19,2018,2,5,May,19,20,Saturday
2018-05-26,2018,2,5,May,26,21,Saturday
2018-06-15,2018,2,6,June,15,24,Friday
2018-06-28,2018,2,6,June,28,26,Thursday
2018-07-15,2018,3,7,July,15,28,Sunday
2018-08-12,2018,3,8,August,12,32,Sunday
2018-09-17,2018,3,9,September,17,38,Monday
2018-10-21,2018,4,10,October,21,42,Sunday
2018-10-23,2018,4,10,October,23,43,Tuesday
2018-10-25,2018,4,10,October,25,43,Thursday
2018-11-24,2018,4,11,November,24,47,Saturday
2018-12-26,2018,4,12,December,26,52,Wednesday
2019-01-02,2019,1,1,January,2,1,Wednesday
2019-01-30,2019,1,1,January,30,5,Wednesday
2019-02-05,2019,1,2,February,5,6,Tuesday
2019-02-13,2019,1,2,February,13,7,Wednesday
2019-05-03,2019,2,5,May,3,18,Friday
2019-05-09,2019,2,5,May,9,19,Thursday
2019-05-30,2019,2,5,May,30,22,Thursday
2019-06-18,2019,2,6,June,18,25,Tuesday
2019-08-06,2019,3,8,August,6,32,Tuesday
2019-08-17,2019,3,8,August,17,33,Saturday
2019-08-22,2019,3,8,August,22,34,Thursday
2019-09-13,2019,3,9,September,13,37,Friday
2019-09-16,2019,3,9,September,16,38,Monday
2019-09-24,2019,3,9,September,24,39,Tuesday
2019-09-29,2019,3,9,September,29,39,Sunday
2019-09-30,2019,3,9,September,30,40,Monday
2019-10-09,2019,4,10,October,9,41,Wednesday
2019-10-26,2019,4,10,October,26,43,Saturday
2019-11-07,2019,4,11,November,7,45,Thursday
2019-11-26,2019,4,11,November,26,48,Tuesday
2019-12-12,2019,4,12,December,12,50,Thursday
2020-01-06,2020,1,1,January,6,2,Monday
2020-01-23,2020,1,1,January,23,4,Thursday
2020-02-09,2020,1,2,February,9,6,Sunday
2020-02-14,2020,1,2,February,14,7,Friday
2020-03-08,2020,1,3,March,8,10,Sunday
2020-03-13,2020,1,3,March,13,11,Friday
2020-03-18,2020,1,3,March,18,12,Wednesday
2020-05-29,2020,2,5,May,29,22,Friday
2020-06-03,2020,2,6,June,3,23,Wednesday
2020-06-06,2020,2,6,June,6,23,Saturday
2020-06-10,2020,2,6,June,10,24,Wednesday
2020-06-17,2020,2,6,June,17,25,Wednesday
2020-07-03,2020,3,7,July,3,27,Friday
2020-07-11,2020,3,7,July,11,28,Saturday
2020-07-16,2020,3,7,July,16,29,Thursday
2020-07-18,2020,3,7,July,18,29,Saturday
2020-07-30,2020,3,7,July,30,31,Thursday
2020-08-05,2020,3,8,August,5,32,Wednesday
2020-08-26,2020,3,8,August,26,35,Wednesday
2020-09-14,2020,3,9,September,14,38,Monday
2020-09-15,2020,3,9,September,15,38,Tuesday
2020-10-06,2020,4,10,October,6,41,Tuesday
2020-10-27,2020,4,10,October,27,44,Tuesday
2020-11-24,2020,4,11,November,24,48,Tuesday
2020-11-28,2020,4,11,November,28,48,Saturday
2020-12-07,2020,4,12,December,7,50,Monday
2020-12-09,2020,4,12,December,9,50,Wednesday
2021-02-05,2021,1,2,February,5,5,Friday
2021-02-08,2021,1,2,February,8,6,Monday
2021-02-10,2021,1,2,February,10,6,Wednesday
2021-02-15,2021,1,2,February,15,7,Monday
2016-02-05,2016,1,2,February,5,5,Friday
2016-02-11,2016,1,2,February,11,6,Thursday
2016-02-18,2016,1,2,February,18,7,Thursday
2016-04-25,2016,2,4,April,25,17,Monday
2016-05-14,2016,2,5,May,14,19,Saturday
2016-05-17,2016,2,5,May,17,20,Tuesday
2016-07-06,2016,3,7,July,6,27,Wednesday
2016-07-12,2016,3,7,July,12,28,Tuesday
2016-07-21,2016,3,7,July,21,29,Thursday
2016-07-29,2016,3,7,July,29,30,Friday
2016-08-02,2016,3,8,August,2,31,Tuesday
2016-08-09,2016,3,8,August,9,32,Tuesday
2016-08-13,2016,3,8,August,13,32,Saturday
2016-08-15,2016,3,8,August,15,33,Monday
2016-09-29,2016,3,9,September,29,39,Thursday
2016-10-11,2016,4,10,October,11,41,Tuesday
2016-10-19,2016,4,10,October,19,42,Wednesday
2016-11-12,2016,4,11,November,12,45,Saturday
2016-11-21,2016,4,11,November,21,47,Monday
2016-12-02,2016,4,12,December,2,48,Friday
2016-12-06,2016,4,12,December,6,49,Tuesday
2016-12-23,2016,4,12,December,23,51,Friday
2017-01-07,2017,1,1,January,7,1,Saturday
2017-01-14,2017,1,1,January,14,2,Saturday
2017-01-22,2017,1,1,January,22,3,Sunday
2017-01-30,2017,1,1,January,30,5,Monday
2017-02-03,2017,1,2,February,3,5,Friday
2017-02-21,2017,1,2,February,21,8,Tuesday
2017-03-12,2017,1,3,March,12,10,Sunday
2017-05-16,2017,2,5,May,16,20,Tuesday
2017-05-31,2017,2,5,May,31,22,Wednesday
2017-06-05,2017,2,6,June,5,23,Monday
2017-06-16,2017,2,6,June,16,24,Friday
2017-06-17,2017,2,6,June,17,24,Saturday
2017-06-18,2017,2,6,June,18,24,Sunday
2017-07-06,2017,3,7,July,6,27,Thursday
2017-07-17,2017,3,7,July,17,29,Monday
2017-08-04,2017,3,8,August,4,31,Friday
2017-08-12,2017,3,8,August,12,32,Saturday
2017-09-06,2017,3,9,September,6,36,Wednesday
2017-10-05,2017,4,10,October,5,40,Thursday
2017-10-16,2017,4,10,October,16,42,Monday
2017-10-17,2017,4,10,October,17,42,Tuesday
2017-10-30,2017,4,10,October,30,44,Monday
2017-11-09,2017,4,11,November,9,45,Thursday
2017-11-11,2017,4,11,November,11,45,Saturday
2017-12-12,2017,4,12,December,12,50,Tuesday
2017-12-15,2017,4,12,December,15,50,Friday
2017-12-16,2017,4,12,December,16,50,Saturday
2018-01-07,2018,1,1,January,7,1,Sunday
2018-01-30,2018,1,1,January,30,5,Tuesday
2018-02-12,2018,1,2,February,12,7,Monday
2018-02-13,2018,1,2,February,13,7,Tuesday
2018-02-22,2018,1,2,February,22,8,Thursday
2018-03-10,2018,1,3,March,10,10,Saturday
2018-03-12,2018,1,3,March,12,11,Monday
2018-05-29,2018,2,5,May,29,22,Tuesday
2018-06-01,2018,2,6,June,1,22,Friday
2018-06-19,2018,2,6,June,19,25,Tuesday
2018-06-22,2018,2,6,June,22,25,Friday
2018-08-02,2018,3,8,August,2,31,Thursday
2018-08-14,2018,3,8,August,14,33,Tuesday
2018-08-18,2018,3,8,August,18,33,Saturday
2018-08-21,2018,3,8,August,21,34,Tuesday
2018-08-30,2018,3,8,August,30,35,Thursday
2018-09-10,2018,3,9,September,10,37,Monday
2018-09-13,2018,3,9,September,13,37,Thursday
2018-09-16,2018,3,9,September,16,37,Sunday
2018-09-19,2018,3,9,September,19,38,Wednesday
2018-10-12,2018,4,10,October,12,41,Friday
2018-10-15,2018,4,10,October,15,42,Monday
2018-11-13,2018,4,11,November,13,46,Tuesday
2018-12-22,2018,4,12,December,22,51,Saturday
2018-12-23,2018,4,12,December,23,51,Sunday
2019-01-05,2019,1,1,January,5,1,Saturday
2019-01-20,2019,1,1,January,20,3,Sunday
2019-02-06,2019,1,2,February,6,6,Wednesday
2019-02-07,2019,1,2,February,7,6,Thursday
2019-02-12,2019,1,2,February,12,7,Tuesday
2019-02-18,2019,1,2,February,18,8,Monday
2019-05-10,2019,2,5,May,10,19,Friday
2019-05-15,2019,2,5,May,15,20,Wednesday
2019-06-01,2019,2,6,June,1,22,Saturday
2019-06-06,2019,2,6,June,6,23,Thursday
2019-06-21,2019,2,6,June,21,25,Friday
2019-06-23,2019,2,6,June,23,25,Sunday
2019-07-13,2019,3,7,July,13,28,Saturday
2019-09-17,2019,3,9,September,17,38,Tuesday
2019-10-06,2019,4,10,October,6,40,Sunday
2019-11-05,2019,4,11,November,5,45,Tuesday
2019-11-22,2019,4,11,November,22,47,Friday
2019-12-10,2019,4,12,December,10,50,Tuesday
2019-12-21,2019,4,12,December,21,51,Saturday
2020-01-02,2020,1,1,January,2,1,Thursday
2020-01-09,2020,1,1,January,9,2,Thursday
2020-01-15,2020,1,1,January,15,3,Wednesday
2020-02-19,2020,1,2,February,19,8,Wednesday
2020-02-28,2020,1,2,February,28,9,Friday
2020-04-24,2020,2,4,April,24,17,Friday
2020-04-28,2020,2,4,April,28,18,Tuesday
2020-06-04,2020,2,6,June,4,23,Thursday
2020-06-05,2020,2,6,June,5,23,Friday
2020-06-14,2020,2,6,June,14,24,Sunday
2020-06-26,2020,2,6,June,26,26,Friday
2020-06-29,2020,2,6,June,29,27,Monday
2020-07-02,2020,3,7,July,2,27,Thursday
2020-07-09,2020,3,7,July,9,28,Thursday
2020-07-20,2020,3,7,July,20,30,Monday
2020-07-27,2020,3,7,July,27,31,Monday
2020-09-16,2020,3,9,September,16,38,Wednesday
2020-11-10,2020,4,11,November,10,46,Tuesday
2020-11-30,2020,4,11,November,30,49,Monday
2021-01-30,2021,1,1,January,30,4,Saturday
2016-01-06,2016,1,1,January,6,1,Wednesday
2016-01-19,2016,1,1,January,19,3,Tuesday
2016-01-22,2016,1,1,January,22,3,Friday
2016-02-12,2016,1,2,February,12,6,Friday
2016-02-16,2016,1,2,February,16,7,Tuesday
2016-03-08,2016,1,3,March,8,10,Tuesday
2016-04-30,2016,2,4,April,30,17,Saturday
2016-05-03,2016,2,5,May,3,18,Tuesday
2016-05-09,2016,2,5,May,9,19,Monday
2016-05-20,2016,2,5,May,20,20,Friday
2016-06-03,2016,2,6,June,3,22,Friday
2016-07-03,2016,3,7,July,3,26,Sunday
2016-07-10,2016,3,7,July,10,27,Sunday
2016-08-18,2016,3,8,August,18,33,Thursday
2016-08-20,2016,3,8,August,20,33,Saturday
2016-10-17,2016,4,10,October,17,42,Monday
2016-11-05,2016,4,11,November,5,44,Saturday
2016-11-17,2016,4,11,November,17,46,Thursday
2016-12-10,2016,4,12,December,10,49,Saturday
2017-01-02,2017,1,1,January,2,1,Monday
2017-01-17,2017,1,1,January,17,3,Tuesday
2017-01-18,2017,1,1,January,18,3,Wednesday
2017-01-29,2017,1,1,January,29,4,Sunday
2017-03-04,2017,1,3,March,4,9,Saturday
2017-03-09,2017,1,3,March,9,10,Thursday
2017-03-10,2017,1,3,March,10,10,Friday
2017-06-11,2017,2,6,June,11,23,Sunday
2017-06-15,2017,2,6,June,15,24,Thursday
2017-06-20,2017,2,6,June,20,25,Tuesday
2017-06-22,2017,2,6,June,22,25,Thursday
2017-07-08,2017,3,7,July,8,27,Saturday
2017-07-15,2017,3,7,July,15,28,Saturday
2017-09-09,2017,3,9,September,9,36,Saturday
2017-10-01,2017,4,10,October,1,39,Sunday
2017-10-02,2017,4,10,October,2,40,Monday
2017-11-13,2017,4,11,November,13,46,Monday
2018-01-22,2018,1,1,January,22,4,Monday
2018-01-25,2018,1,1,January,25,4,Thursday
2018-04-24,2018,2,4,April,24,17,Tuesday
2018-05-10,2018,2,5,May,10,19,Thursday
2018-05-25,2018,2,5,May,25,21,Friday
2018-05-30,2018,2,5,May,30,22,Wednesday
2018-06-17,2018,2,6,June,17,24,Sunday
2018-07-02,2018,3,7,July,2,27,Monday
2018-08-07,2018,3,8,August,7,32,Tuesday
2018-08-13,2018,3,8,August,13,33,Monday
2018-09-20,2018,3,9,September,20,38,Thursday
2018-09-30,2018,3,9,September,30,39,Sunday
2018-10-08,2018,4,10,October,8,41,Monday
2018-10-11,2018,4,10,October,11,41,Thursday
2018-10-19,2018,4,10,October,19,42,Friday
2018-10-27,2018,4,10,October,27,43,Saturday
2018-11-06,2018,4,11,November,6,45,Tuesday
2018-11-07,2018,4,11,November,7,45,Wednesday
2018-11-23,2018,4,11,November,23,47,Friday
2019-01-07,2019,1,1,January,7,2,Monday
2019-01-09,2019,1,1,January,9,2,Wednesday
2019-01-13,2019,1,1,January,13,2,Sunday
2019-05-07,2019,2,5,May,7,19,Tuesday
2019-05-31,2019,2,5,May,31,22,Friday
2019-06-04,2019,2,6,June,4,23,Tuesday
2019-07-11,2019,3,7,July,11,28,Thursday
2019-07-18,2019,3,7,July,18,29,Thursday
2019-07-28,2019,3,7,July,28,30,Sunday
2019-08-31,2019,3,8,August,31,35,Saturday
2019-09-11,2019,3,9,September,11,37,Wednesday
2019-10-07,2019,4,10,October,7,41,Monday
2019-10-20,2019,4,10,October,20,42,Sunday
2019-10-21,2019,4,10,October,21,43,Monday
2019-10-30,2019,4,10,October,30,44,Wednesday
2019-12-03,2019,4,12,December,3,49,Tuesday
2019-12-06,2019,4,12,December,6,49,Friday
2019-12-18,2019,4,12,December,18,51,Wednesday
2020-01-05,2020,1,1,January,5,1,Sunday
2020-01-24,2020,1,1,January,24,4,Friday
2020-02-07,2020,1,2,February,7,6,Friday
2020-02-13,2020,1,2,February,13,7,Thursday
2020-03-01,2020,1,3,March,1,9,Sunday
2020-05-07,2020,2,5,May,7,19,Thursday
2020-05-23,2020,2,5,May,23,21,Saturday
2020-06-18,2020,2,6,June,18,25,Thursday
2020-06-22,2020,2,6,June,22,26,Monday
2020-07-17,2020,3,7,July,17,29,Friday
2020-07-29,2020,3,7,July,29,31,Wednesday
2020-08-17,2020,3,8,August,17,34,Monday
2020-09-08,2020,3,9,September,8,37,Tuesday
2020-09-09,2020,3,9,September,9,37,Wednesday
2020-10-05,2020,4,10,October,5,41,Monday
2020-11-11,2020,4,11,November,11,46,Wednesday
2020-11-20,2020,4,11,November,20,47,Friday
2020-11-27,2020,4,11,November,27,48,Friday
2020-12-11,2020,4,12,December,11,50,Friday
2020-12-21,2020,4,12,December,21,52,Monday
2020-12-30,2020,4,12,December,30,53,Wednesday
2021-01-26,2021,1,1,January,26,4,Tuesday
2021-01-28,2021,1,1,January,28,4,Thursday
2021-02-18,2021,1,2,February,18,7,Thursday
2016-01-18,2016,1,1,January,18,3,Monday
2016-02-03,2016,1,2,February,3,5,Wednesday
2016-02-08,2016,1,2,February,8,6,Monday
2016-03-02,2016,1,3,March,2,9,Wednesday
2016-03-05,2016,1,3,March,5,9,Saturday
2016-05-05,2016,2,5,May,5,18,Thursday
2016-06-28,2016,2,6,June,28,26,Tuesday
2016-07-04,2016,3,7,July,4,27,Monday
2016-07-11,2016,3,7,July,11,28,Monday
2016-09-20,2016,3,9,September,20,38,Tuesday
2016-11-11,2016,4,11,November,11,45,Friday
2016-12-21,2016,4,12,December,21,51,Wednesday
2016-12-26,2016,4,12,December,26,52,Monday
2016-12-27,2016,4,12,December,27,52,Tuesday
2016-12-30,2016,4,12,December,30,52,Friday
2017-01-11,2017,1,1,January,11,2,Wednesday
2017-02-12,2017,1,2,February,12,6,Sunday
2017-02-18,2017,1,2,February,18,7,Saturday
2017-03-13,2017,1,3,March,13,11,Monday
2017-03-16,2017,1,3,March,16,11,Thursday
2017-05-26,2017,2,5,May,26,21,Friday
2017-06-10,2017,2,6,June,10,23,Saturday
2017-06-14,2017,2,6,June,14,24,Wednesday
2017-06-21,2017,2,6,June,21,25,Wednesday
2017-07-26,2017,3,7,July,26,30,Wednesday
2017-08-01,2017,3,8,August,1,31,Tuesday
2017-08-20,2017,3,8,August,20,33,Sunday
2017-08-22,2017,3,8,August,22,34,Tuesday
2017-09-12,2017,3,9,September,12,37,Tuesday
2017-09-19,2017,3,9,September,19,38,Tuesday
2018-02-05,2018,1,2,February,5,6,Monday
2018-04-25,2018,2,4,April,25,17,Wednesday
2018-06-27,2018,2,6,June,27,26,Wednesday
2018-07-31,2018,3,7,July,31,31,Tuesday
2018-08-04,2018,3,8,August,4,31,Saturday
2018-08-10,2018,3,8,August,10,32,Friday
2018-08-25,2018,3,8,August,25,34,Saturday
2018-09-04,2018,3,9,September,4,36,Tuesday
2018-10-05,2018,4,10,October,5,40,Friday
2018-10-16,2018,4,10,October,16,42,Tuesday
2018-10-30,2018,4,10,October,30,44,Tuesday
2018-11-01,2018,4,11,November,1,44,Thursday
2018-11-08,2018,4,11,November,8,45,Thursday
2018-12-20,2018,4,12,December,20,51,Thursday
2018-12-21,2018,4,12,December,21,51,Friday
2018-12-31,2018,4,12,December,31,1,Monday
2019-01-23,2019,1,1,January,23,4,Wednesday
2019-02-04,2019,1,2,February,4,6,Monday
2019-02-16,2019,1,2,February,16,7,Saturday
2019-02-19,2019,1,2,February,19,8,Tuesday
2019-04-27,2019,2,4,April,27,17,Saturday
2019-05-04,2019,2,5,May,4,18,Saturday
2019-05-05,2019,2,5,May,5,18,Sunday
2019-05-11,2019,2,5,May,11,19,Saturday
2019-05-17,2019,2,5,May,17,20,Friday
2019-05-24,2019,2,5,May,24,21,Friday
2019-05-26,2019,2,5,May,26,21,Sunday
2019-06-17,2019,2,6,June,17,25,Monday
2019-06-25,2019,2,6,June,25,26,Tuesday
2019-06-27,2019,2,6,June,27,26,Thursday
2019-07-03,2019,3,7,July,3,27,Wednesday
2019-07-09,2019,3,7,July,9,28,Tuesday
2019-07-17,2019,3,7,July,17,29,Wednesday
2019-08-05,2019,3,8,August,5,32,Monday
2019-08-24,2019,3,8,August,24,34,Saturday
2019-08-27,2019,3,8,August,27,35,Tuesday
2019-09-20,2019,3,9,September,20,38,Friday
2019-09-21,2019,3,9,September,21,38,Saturday
2019-09-22,2019,3,9,September,22,38,Sunday
2019-09-28,2019,3,9,September,28,39,Saturday
2019-10-17,2019,4,10,October,17,42,Thursday
2019-11-03,2019,4,11,November,3,44,Sunday
2019-11-14,2019,4,11,November,14,46,Thursday
2019-11-18,2019,4,11,November,18,47,Monday
2019-11-25,2019,4,11,November,25,48,Monday
2019-12-07,2019,4,12,December,7,49,Saturday
2019-12-09,2019,4,12,December,9,50,Monday
2020-01-12,2020,1,1,January,12,2,Sunday
2020-01-26,2020,1,1,January,26,4,Sunday
2020-01-31,2020,1,1,January,31,5,Friday
2020-02-12,2020,1,2,February,12,7,Wednesday
2020-05-02,2020,2,5,May,2,18,Saturday
2020-05-05,2020,2,5,May,5,19,Tuesday
2020-05-10,2020,2,5,May,10,19,Sunday
2020-05-11,2020,2,5,May,11,20,Monday
2020-05-20,2020,2,5,May,20,21,Wednesday
2020-06-19,2020,2,6,June,19,25,Friday
2020-08-03,2020,3,8,August,3,32,Monday
2020-08-18,2020,3,8,August,18,34,Tuesday
2020-08-24,2020,3,8,August,24,35,Monday
2020-09-21,2020,3,9,September,21,39,Monday
2020-09-28,2020,3,9,September,28,40,Monday
2020-10-12,2020,4,10,October,12,42,Monday
2020-10-17,2020,4,10,October,17,42,Saturday
2020-12-05,2020,4,12,December,5,49,Saturday
2020-12-08,2020,4,12,December,8,50,Tuesday
2021-01-25,2021,1,1,January,25,4,Monday
2016-01-30,2016,1,1,January,30,4,Saturday
2016-03-07,2016,1,3,March,7,10,Monday
2016-03-09,2016,1,3,March,9,10,Wednesday
2016-04-29,2016,2,4,April,29,17,Friday
2016-05-02,2016,2,5,May,2,18,Monday
2016-05-19,2016,2,5,May,19,20,Thursday
2016-06-01,2016,2,6,June,1,22,Wednesday
2016-06-14,2016,2,6,June,14,24,Tuesday
2016-08-30,2016,3,8,August,30,35,Tuesday
2016-09-21,2016,3,9,September,21,38,Wednesday
2016-10-07,2016,4,10,October,7,40,Friday
2016-10-31,2016,4,10,October,31,44,Monday
2016-11-18,2016,4,11,November,18,46,Friday
2016-12-04,2016,4,12,December,4,48,Sunday
2017-02-06,2017,1,2,February,6,6,Monday
2017-02-11,2017,1,2,February,11,6,Saturday
2017-02-13,2017,1,2,February,13,7,Monday
2017-03-02,2017,1,3,March,2,9,Thursday
2017-05-09,2017,2,5,May,9,19,Tuesday
2017-05-23,2017,2,5,May,23,21,Tuesday
2017-06-07,2017,2,6,June,7,23,Wednesday
2017-06-09,2017,2,6,June,9,23,Friday
2017-06-30,2017,2,6,June,30,26,Friday
2017-07-12,2017,3,7,July,12,28,Wednesday
2017-08-16,2017,3,8,August,16,33,Wednesday
2017-09-03,2017,3,9,September,3,35,Sunday
2017-09-28,2017,3,9,September,28,39,Thursday
2017-11-03,2017,4,11,November,3,44,Friday
2017-11-16,2017,4,11,November,16,46,Thursday
2017-11-30,2017,4,11,November,30,48,Thursday
2017-12-17,2017,4,12,December,17,50,Sunday
2018-01-16,2018,1,1,January,16,3,Tuesday
2018-01-21,2018,1,1,January,21,3,Sunday
2018-03-02,2018,1,3,March,2,9,Friday
2018-03-05,2018,1,3,March,5,10,Monday
2018-05-21,2018,2,5,May,21,21,Monday
2018-06-30,2018,2,6,June,30,26,Saturday
2018-07-06,2018,3,7,July,6,27,Friday
2018-08-06,2018,3,8,August,6,32,Monday
2018-09-05,2018,3,9,September,5,36,Wednesday
2018-09-21,2018,3,9,September,21,38,Friday
2018-10-02,2018,4,10,October,2,40,Tuesday
2018-10-24,2018,4,10,October,24,43,Wednesday
2018-11-09,2018,4,11,November,9,45,Friday
2018-11-26,2018,4,11,November,26,48,Monday
2018-12-04,2018,4,12,December,4,49,Tuesday
2019-01-24,2019,1,1,January,24,4,Thursday
2019-02-02,2019,1,2,February,2,5,Saturday
2019-03-12,2019,1,3,March,12,11,Tuesday
2019-03-15,2019,1,3,March,15,11,Friday
2019-03-17,2019,1,3,March,17,11,Sunday
2019-05-25,2019,2,5,May,25,21,Saturday
2019-06-11,2019,2,6,June,11,24,Tuesday
2019-06-12,2019,2,6,June,12,24,Wednesday
2019-06-15,2019,2,6,June,15,24,Saturday
2019-07-07,2019,3,7,July,7,27,Sunday
2019-08-19,2019,3,8,August,19,34,Monday
2019-09-12,2019,3,9,September,12,37,Thursday
2019-10-01,2019,4,10,October,1,40,Tuesday
2019-10-10,2019,4,10,October,10,41,Thursday
2019-10-24,2019,4,10,October,24,43,Thursday
2019-11-04,2019,4,11,November,4,45,Monday
2019-11-08,2019,4,11,November,8,45,Friday
2019-11-24,2019,4,11,November,24,47,Sunday
2020-02-11,2020,1,2,February,11,7,Tuesday
2020-03-02,2020,1,3,March,2,10,Monday
2020-03-04,2020,1,3,March,4,10,Wednesday
2020-05-19,2020,2,5,May,19,21,Tuesday
2020-06-15,2020,2,6,June,15,25,Monday
2020-06-24,2020,2,6,June,24,26,Wednesday
2020-09-10,2020,3,9,September,10,37,Thursday
2020-10-07,2020,4,10,October,7,41,Wednesday
2020-10-19,2020,4,10,October,19,43,Monday
2020-10-29,2020,4,10,October,29,44,Thursday
2020-12-12,2020,4,12,December,12,50,Saturday
2016-03-16,2016,1,3,March,16,11,Wednesday
2016-05-13,2016,2,5,May,13,19,Friday
2016-05-28,2016,2,5,May,28,21,Saturday
2016-05-31,2016,2,5,May,31,22,Tuesday
2016-07-08,2016,3,7,July,8,27,Friday
2016-07-22,2016,3,7,July,22,29,Friday
2016-07-26,2016,3,7,July,26,30,Tuesday
2016-08-06,2016,3,8,August,6,31,Saturday
2016-08-21,2016,3,8,August,21,33,Sunday
2016-10-02,2016,4,10,October,2,39,Sunday
2016-10-08,2016,4,10,October,8,40,Saturday
2016-10-09,2016,4,10,October,9,40,Sunday
2016-10-29,2016,4,10,October,29,43,Saturday
2016-11-03,2016,4,11,November,3,44,Thursday
2016-11-09,2016,4,11,November,9,45,Wednesday
2016-11-15,2016,4,11,November,15,46,Tuesday
2016-12-28,2016,4,12,December,28,52,Wednesday
2017-01-03,2017,1,1,January,3,1,Tuesday
2017-01-26,2017,1,1,January,26,4,Thursday
2017-02-01,2017,1,2,February,1,5,Wednesday
2017-05-15,2017,2,5,May,15,20,Monday
2017-05-29,2017,2,5,May,29,22,Monday
2017-06-03,2017,2,6,June,3,22,Saturday
2017-06-26,2017,2,6,June,26,26,Monday
2017-06-27,2017,2,6,June,27,26,Tuesday
2017-06-28,2017,2,6,June,28,26,Wednesday
2017-07-03,2017,3,7,July,3,27,Monday
2017-07-04,2017,3,7,July,4,27,Tuesday
2017-08-18,2017,3,8,August,18,33,Friday
2017-08-24,2017,3,8,August,24,34,Thursday
2017-08-30,2017,3,8,August,30,35,Wednesday
2017-09-18,2017,3,9,September,18,38,Monday
2017-10-08,2017,4,10,October,8,40,Sunday
2017-10-13,2017,4,10,October,13,41,Friday
2017-10-14,2017,4,10,October,14,41,Saturday
2017-11-06,2017,4,11,November,6,45,Monday
2017-11-10,2017,4,11,November,10,45,Friday
2017-12-01,2017,4,12,December,1,48,Friday
2017-12-02,2017,4,12,December,2,48,Saturday
2017-12-24,2017,4,12,December,24,51,Sunday
2018-01-19,2018,1,1,January,19,3,Friday
2018-01-20,2018,1,1,January,20,3,Saturday
2018-02-25,2018,1,2,February,25,8,Sunday
2018-03-13,2018,1,3,March,13,11,Tuesday
2018-05-01,2018,2,5,May,1,18,Tuesday
2018-05-23,2018,2,5,May,23,21,Wednesday
2018-06-14,2018,2,6,June,14,24,Thursday
2018-07-07,2018,3,7,July,7,27,Saturday
2018-07-23,2018,3,7,July,23,30,Monday
2018-08-01,2018,3,8,August,1,31,Wednesday
2018-08-09,2018,3,8,August,9,32,Thursday
2018-08-22,2018,3,8,August,22,34,Wednesday
2018-08-27,2018,3,8,August,27,35,Monday
2018-09-15,2018,3,9,September,15,37,Saturday
2018-10-04,2018,4,10,October,4,40,Thursday
2018-10-18,2018,4,10,October,18,42,Thursday
2018-10-28,2018,4,10,October,28,43,Sunday
2018-11-04,2018,4,11,November,4,44,Sunday
2018-11-10,2018,4,11,November,10,45,Saturday
2018-11-17,2018,4,11,November,17,46,Saturday
2018-12-05,2018,4,12,December,5,49,Wednesday
2018-12-24,2018,4,12,December,24,52,Monday
2018-12-30,2018,4,12,December,30,52,Sunday
2019-01-03,2019,1,1,January,3,1,Thursday
2019-01-06,2019,1,1,January,6,1,Sunday
2019-01-16,2019,1,1,January,16,3,Wednesday
2019-01-17,2019,1,1,January,17,3,Thursday
2019-02-20,2019,1,2,February,20,8,Wednesday
2019-03-09,2019,1,3,March,9,10,Saturday
2019-06-05,2019,2,6,June,5,23,Wednesday
2019-06-14,2019,2,6,June,14,24,Friday
2019-06-22,2019,2,6,June,22,25,Saturday
2019-06-29,2019,2,6,June,29,26,Saturday
2019-07-19,2019,3,7,July,19,29,Friday
2019-07-20,2019,3,7,July,20,29,Saturday
2019-08-08,2019,3,8,August,8,32,Thursday
2019-08-12,2019,3,8,August,12,33,Monday
2019-09-25,2019,3,9,September,25,39,Wednesday
2019-09-26,2019,3,9,September,26,39,Thursday
2019-10-11,2019,4,10,October,11,41,Friday
2019-10-12,2019,4,10,October,12,41,Saturday
2019-10-22,2019,4,10,October,22,43,Tuesday
2019-10-29,2019,4,10,October,29,44,Tuesday
2019-11-17,2019,4,11,November,17,46,Sunday
2019-11-23,2019,4,11,November,23,47,Saturday
2019-12-17,2019,4,12,December,17,51,Tuesday
2020-02-08,2020,1,2,February,8,6,Saturday
2020-02-20,2020,1,2,February,20,8,Thursday
2020-02-25,2020,1,2,February,25,9,Tuesday
2020-03-07,2020,1,3,March,7,10,Saturday
2020-03-12,2020,1,3,March,12,11,Thursday
2020-03-14,2020,1,3,March,14,11,Saturday
2020-03-17,2020,1,3,March,17,12,Tuesday
2020-04-25,2020,2,4,April,25,17,Saturday
2020-05-15,2020,2,5,May,15,20,Friday
2020-05-28,2020,2,5,May,28,22,Thursday
2020-06-01,2020,2,6,June,1,23,Monday
2020-06-23,2020,2,6,June,23,26,Tuesday
2020-06-27,2020,2,6,June,27,26,Saturday
2020-07-24,2020,3,7,July,24,30,Friday
2020-07-28,2020,3,7,July,28,31,Tuesday
2020-08-01,2020,3,8,August,1,31,Saturday
2020-09-17,2020,3,9,September,17,38,Thursday
2020-09-25,2020,3,9,September,25,39,Friday
2020-10-20,2020,4,10,October,20,43,Tuesday
2020-10-28,2020,4,10,October,28,44,Wednesday
2020-11-05,2020,4,11,November,5,45,Thursday
2020-11-19,2020,4,11,November,19,47,Thursday
2020-11-25,2020,4,11,November,25,48,Wednesday
2020-12-01,2020,4,12,December,1,49,Tuesday
2020-12-18,2020,4,12,December,18,51,Friday
2021-02-02,2021,1,2,February,2,5,Tuesday
2021-02-13,2021,1,2,February,13,6,Saturday
2021-02-14,2021,1,2,February,14,6,Sunday
2016-01-05,2016,1,1,January,5,1,Tuesday
2016-02-10,2016,1,2,February,10,6,Wednesday
2016-03-11,2016,1,3,March,11,10,Friday
2016-03-12,2016,1,3,March,12,10,Saturday
2016-06-02,2016,2,6,June,2,22,Thursday
2016-07-15,2016,3,7,July,15,28,Friday
2016-08-04,2016,3,8,August,4,31,Thursday
2016-08-10,2016,3,8,August,10,32,Wednesday
2016-08-26,2016,3,8,August,26,34,Friday
2016-08-29,2016,3,8,August,29,35,Monday
2016-09-12,2016,3,9,September,12,37,Monday
2016-10-16,2016,4,10,October,16,41,Sunday
2016-10-24,2016,4,10,October,24,43,Monday
2016-11-01,2016,4,11,November,1,44,Tuesday
2016-11-10,2016,4,11,November,10,45,Thursday
2016-12-15,2016,4,12,December,15,50,Thursday
2016-12-22,2016,4,12,December,22,51,Thursday
2016-12-29,2016,4,12,December,29,52,Thursday
2017-01-04,2017,1,1,January,4,1,Wednesday
2017-01-13,2017,1,1,January,13,2,Friday
2017-02-08,2017,1,2,February,8,6,Wednesday
2017-02-24,2017,1,2,February,24,8,Friday
2017-03-08,2017,1,3,March,8,10,Wednesday
2017-05-05,2017,2,5,May,5,18,Friday
2017-05-10,2017,2,5,May,10,19,Wednesday
2017-05-18,2017,2,5,May,18,20,Thursday
2017-05-22,2017,2,5,May,22,21,Monday
2017-05-27,2017,2,5,May,27,21,Saturday
2017-06-24,2017,2,6,June,24,25,Saturday
2017-07-18,2017,3,7,July,18,29,Tuesday
2017-08-08,2017,3,8,August,8,32,Tuesday
2017-08-23,2017,3,8,August,23,34,Wednesday
2017-09-01,2017,3,9,September,1,35,Friday
2017-09-20,2017,3,9,September,20,38,Wednesday
2017-09-22,2017,3,9,September,22,38,Friday
2017-09-26,2017,3,9,September,26,39,Tuesday
2017-11-23,2017,4,11,November,23,47,Thursday
2017-11-25,2017,4,11,November,25,47,Saturday
2017-11-29,2017,4,11,November,29,48,Wednesday
2017-12-05,2017,4,12,December,5,49,Tuesday
2017-12-23,2017,4,12,December,23,51,Saturday
2018-01-06,2018,1,1,January,6,1,Saturday
2018-01-29,2018,1,1,January,29,5,Monday
2018-01-31,2018,1,1,January,31,5,Wednesday
2018-02-01,2018,1,2,February,1,5,Thursday
2018-03-03,2018,1,3,March,3,9,Saturday
2018-03-11,2018,1,3,March,11,10,Sunday
2018-04-27,2018,2,4,April,27,17,Friday
2018-05-04,2018,2,5,May,4,18,Friday
2018-05-09,2018,2,5,May,9,19,Wednesday
2018-05-17,2018,2,5,May,17,20,Thursday
2018-06-05,2018,2,6,June,5,23,Tuesday
2018-06-06,2018,2,6,June,6,23,Wednesday
2018-06-08,2018,2,6,June,8,23,Friday
2018-06-11,2018,2,6,June,11,24,Monday
2018-06-23,2018,2,6,June,23,25,Saturday
2018-06-25,2018,2,6,June,25,26,Monday
2018-07-04,2018,3,7,July,4,27,Wednesday
2018-07-12,2018,3,7,July,12,28,Thursday
2018-07-18,2018,3,7,July,18,29,Wednesday
2018-07-27,2018,3,7,July,27,30,Friday
2018-10-01,2018,4,10,October,1,40,Monday
2018-10-20,2018,4,10,October,20,42,Saturday
2018-11-11,2018,4,11,November,11,45,Sunday
2018-11-27,2018,4,11,November,27,48,Tuesday
2018-11-30,2018,4,11,November,30,48,Friday
2018-12-01,2018,4,12,December,1,48,Saturday
2018-12-14,2018,4,12,December,14,50,Friday
2018-12-29,2018,4,12,December,29,52,Saturday
2019-01-01,2019,1,1,January,1,1,Tuesday
2019-01-14,2019,1,1,January,14,3,Monday
2019-02-15,2019,1,2,February,15,7,Friday
2019-02-22,2019,1,2,February,22,8,Friday
2019-03-06,2019,1,3,March,6,10,Wednesday
2019-04-30,2019,2,4,April,30,18,Tuesday
2019-05-01,2019,2,5,May,1,18,Wednesday
2019-05-22,2019,2,5,May,22,21,Wednesday
2019-06-08,2019,2,6,June,8,23,Saturday
2019-06-20,2019,2,6,June,20,25,Thursday
2019-09-04,2019,3,9,September,4,36,Wednesday
2019-10-23,2019,4,10,October,23,43,Wednesday
2019-11-11,2019,4,11,November,11,46,Monday
2019-12-04,2019,4,12,December,4,49,Wednesday
2019-12-23,2019,4,12,December,23,52,Monday
2020-01-27,2020,1,1,January,27,5,Monday
2020-01-28,2020,1,1,January,28,5,Tuesday
2020-02-02,2020,1,2,February,2,5,Sunday
2020-02-15,2020,1,2,February,15,7,Saturday
2020-02-23,2020,1,2,February,23,8,Sunday
2020-04-30,2020,2,4,April,30,18,Thursday
2020-05-01,2020,2,5,May,1,18,Friday
2020-08-07,2020,3,8,August,7,32,Friday
2020-09-18,2020,3,9,September,18,38,Friday
2020-09-29,2020,3,9,September,29,40,Tuesday
2020-10-24,2020,4,10,October,24,43,Saturday
2020-10-26,2020,4,10,October,26,44,Monday
2020-11-03,2020,4,11,November,3,45,Tuesday
2020-11-13,2020,4,11,November,13,46,Friday
2020-11-21,2020,4,11,November,21,47,Saturday
2020-12-15,2020,4,12,December,15,51,Tuesday
2020-12-23,2020,4,12,December,23,52,Wednesday
2021-01-03,2021,1,1,January,3,53,Sunday
2021-01-09,2021,1,1,January,9,1,Saturday
2016-01-16,2016,1,1,January,16,2,Saturday
2016-02-19,2016,1,2,February,19,7,Friday
2016-02-25,2016,1,2,February,25,8,Thursday
2016-05-06,2016,2,5,May,6,18,Friday
2016-06-07,2016,2,6,June,7,23,Tuesday
2016-06-10,2016,2,6,June,10,23,Friday
2016-07-14,2016,3,7,July,14,28,Thursday
2016-07-20,2016,3,7,July,20,29,Wednesday
2016-08-08,2016,3,8,August,8,32,Monday
2016-09-06,2016,3,9,September,6,36,Tuesday
2016-10-10,2016,4,10,October,10,41,Monday
2016-10-12,2016,4,10,October,12,41,Wednesday
2016-10-21,2016,4,10,October,21,42,Friday
2016-10-30,2016,4,10,October,30,43,Sunday
2016-11-22,2016,4,11,November,22,47,Tuesday
2016-12-16,2016,4,12,December,16,50,Friday
2016-12-17,2016,4,12,December,17,50,Saturday
2017-01-10,2017,1,1,January,10,2,Tuesday
2017-01-19,2017,1,1,January,19,3,Thursday
2017-01-25,2017,1,1,January,25,4,Wednesday
2017-01-28,2017,1,1,January,28,4,Saturday
2017-02-07,2017,1,2,February,7,6,Tuesday
2017-02-16,2017,1,2,February,16,7,Thursday
2017-02-17,2017,1,2,February,17,7,Friday
2017-02-19,2017,1,2,February,19,7,Sunday
2017-02-20,2017,1,2,February,20,8,Monday
2017-03-06,2017,1,3,March,6,10,Monday
2017-05-04,2017,2,5,May,4,18,Thursday
2017-05-11,2017,2,5,May,11,19,Thursday
2017-05-12,2017,2,5,May,12,19,Friday
2017-07-01,2017,3,7,July,1,26,Saturday
2017-07-10,2017,3,7,July,10,28,Monday
2017-07-14,2017,3,7,July,14,28,Friday
2017-07-25,2017,3,7,July,25,30,Tuesday
2017-07-28,2017,3,7,July,28,30,Friday
2017-08-29,2017,3,8,August,29,35,Tuesday
2017-10-18,2017,4,10,October,18,42,Wednesday
2017-10-26,2017,4,10,October,26,43,Thursday
2017-11-17,2017,4,11,November,17,46,Friday
2017-12-18,2017,4,12,December,18,51,Monday
2017-12-26,2017,4,12,December,26,52,Tuesday
2018-01-13,2018,1,1,January,13,2,Saturday
2018-01-17,2018,1,1,January,17,3,Wednesday
2018-02-21,2018,1,2,February,21,8,Wednesday
2018-02-28,2018,1,2,February,28,9,Wednesday
2018-05-02,2018,2,5,May,2,18,Wednesday
2018-05-08,2018,2,5,May,8,19,Tuesday
2018-07-24,2018,3,7,July,24,30,Tuesday
2018-09-23,2018,3,9,September,23,38,Sunday
2018-09-29,2018,3,9,September,29,39,Saturday
2018-10-03,2018,4,10,October,3,40,Wednesday
2018-10-17,2018,4,10,October,17,42,Wednesday
2018-11-18,2018,4,11,November,18,46,Sunday
2018-11-25,2018,4,11,November,25,47,Sunday
2018-12-07,2018,4,12,December,7,49,Friday
2018-12-11,2018,4,12,December,11,50,Tuesday
2019-01-10,2019,1,1,January,10,2,Thursday
2019-01-21,2019,1,1,January,21,4,Monday
2019-02-14,2019,1,2,February,14,7,Thursday
2019-03-10,2019,1,3,March,10,10,Sunday
2019-05-08,2019,2,5,May,8,19,Wednesday
2019-07-26,2019,3,7,July,26,30,Friday
2019-07-30,2019,3,7,July,30,31,Tuesday
2019-07-31,2019,3,7,July,31,31,Wednesday
2019-08-02,2019,3,8,August,2,31,Friday
2019-09-18,2019,3,9,September,18,38,Wednesday
2019-09-27,2019,3,9,September,27,39,Friday
2019-10-04,2019,4,10,October,4,40,Friday
2019-10-31,2019,4,10,October,31,44,Thursday
2019-11-01,2019,4,11,November,1,44,Friday
2019-12-15,2019,4,12,December,15,50,Sunday
2019-12-25,2019,4,12,December,25,52,Wednesday
2019-12-31,2019,4,12,December,31,1,Tuesday
2020-01-22,2020,1,1,January,22,4,Wednesday
2020-02-01,2020,1,2,February,1,5,Saturday
2020-02-16,2020,1,2,February,16,7,Sunday
2020-02-22,2020,1,2,February,22,8,Saturday
2020-02-24,2020,1,2,February,24,9,Monday
2020-02-27,2020,1,2,February,27,9,Thursday
2020-03-03,2020,1,3,March,3,10,Tuesday
2020-04-23,2020,2,4,April,23,17,Thursday
2020-05-30,2020,2,5,May,30,22,Saturday
2020-05-31,2020,2,5,May,31,22,Sunday
2020-07-15,2020,3,7,July,15,29,Wednesday
2020-08-10,2020,3,8,August,10,33,Monday
2020-08-21,2020,3,8,August,21,34,Friday
2020-08-31,2020,3,8,August,31,36,Monday
2020-09-19,2020,3,9,September,19,38,Saturday
2020-09-26,2020,3,9,September,26,39,Saturday
2020-10-10,2020,4,10,October,10,41,Saturday
2020-11-06,2020,4,11,November,6,45,Friday
2020-11-12,2020,4,11,November,12,46,Thursday
2020-11-16,2020,4,11,November,16,47,Monday
2020-12-27,2020,4,12,December,27,52,Sunday
2021-01-12,2021,1,1,January,12,2,Tuesday
2021-01-29,2021,1,1,January,29,4,Friday
2021-02-06,2021,1,2,February,6,5,Saturday
2021-02-11,2021,1,2,February,11,6,Thursday
2021-02-19,2021,1,2,February,19,7,Friday
2016-01-04,2016,1,1,January,4,1,Monday
2016-01-07,2016,1,1,January,7,1,Thursday
2016-02-15,2016,1,2,February,15,7,Monday
2016-02-20,2016,1,2,February,20,7,Saturday
2016-03-01,2016,1,3,March,1,9,Tuesday
2016-04-28,2016,2,4,April,28,17,Thursday
2016-05-10,2016,2,5,May,10,19,Tuesday
2016-05-18,2016,2,5,May,18,20,Wednesday
2016-05-21,2016,2,5,May,21,20,Saturday
2016-06-16,2016,2,6,June,16,24,Thursday
2016-06-19,2016,2,6,June,19,24,Sunday
2016-06-25,2016,2,6,June,25,25,Saturday
2016-06-27,2016,2,6,June,27,26,Monday
2016-07-02,2016,3,7,July,2,26,Saturday
2016-07-18,2016,3,7,July,18,29,Monday
2016-08-23,2016,3,8,August,23,34,Tuesday
2016-09-07,2016,3,9,September,7,36,Wednesday
2016-09-08,2016,3,9,September,8,36,Thursday
2016-09-17,2016,3,9,September,17,37,Saturday
2016-09-26,2016,3,9,September,26,39,Monday
2016-11-02,2016,4,11,November,2,44,Wednesday
2016-11-07,2016,4,11,November,7,45,Monday
2016-11-16,2016,4,11,November,16,46,Wednesday
2017-01-24,2017,1,1,January,24,4,Tuesday
2017-02-02,2017,1,2,February,2,5,Thursday
2017-02-04,2017,1,2,February,4,5,Saturday
2017-02-14,2017,1,2,February,14,7,Tuesday
2017-02-28,2017,1,2,February,28,9,Tuesday
2017-04-26,2017,2,4,April,26,17,Wednesday
2017-05-06,2017,2,5,May,6,18,Saturday
2017-08-02,2017,3,8,August,2,31,Wednesday
2017-08-09,2017,3,8,August,9,32,Wednesday
2017-08-15,2017,3,8,August,15,33,Tuesday
2017-08-25,2017,3,8,August,25,34,Friday
2017-08-26,2017,3,8,August,26,34,Saturday
2017-09-05,2017,3,9,September,5,36,Tuesday
2017-09-10,2017,3,9,September,10,36,Sunday
2017-09-14,2017,3,9,September,14,37,Thursday
2017-09-21,2017,3,9,September,21,38,Thursday
2017-10-31,2017,4,10,October,31,44,Tuesday
2017-11-01,2017,4,11,November,1,44,Wednesday
2018-01-02,2018,1,1,January,2,1,Tuesday
2018-02-18,2018,1,2,February,18,7,Sunday
2018-02-23,2018,1,2,February,23,8,Friday
2018-03-14,2018,1,3,March,14,11,Wednesday
2018-05-14,2018,2,5,May,14,20,Monday
2018-05-24,2018,2,5,May,24,21,Thursday
2018-05-27,2018,2,5,May,27,21,Sunday
2018-06-03,2018,2,6,June,3,22,Sunday
2018-06-21,2018,2,6,June,21,25,Thursday
2018-07-05,2018,3,7,July,5,27,Thursday
2018-07-08,2018,3,7,July,8,27,Sunday
2018-07-21,2018,3,7,July,21,29,Saturday
2018-08-19,2018,3,8,August,19,33,Sunday
2018-09-28,2018,3,9,September,28,39,Friday
2018-11-19,2018,4,11,November,19,47,Monday
2019-01-12,2019,1,1,January,12,2,Saturday
2019-04-25,2019,2,4,April,25,17,Thursday
2019-05-12,2019,2,5,May,12,19,Sunday
2019-06-07,2019,2,6,June,7,23,Friday
2019-07-12,2019,3,7,July,12,28,Friday
2019-07-22,2019,3,7,July,22,30,Monday
2019-07-23,2019,3,7,July,23,30,Tuesday
2019-07-27,2019,3,7,July,27,30,Saturday
2019-08-26,2019,3,8,August,26,35,Monday
2019-09-01,2019,3,9,September,1,35,Sunday
2019-09-23,2019,3,9,September,23,39,Monday
2019-10-18,2019,4,10,October,18,42,Friday
2019-10-25,2019,4,10,October,25,43,Friday
2019-12-02,2019,4,12,December,2,49,Monday
2020-01-04,2020,1,1,January,4,1,Saturday
2020-01-13,2020,1,1,January,13,3,Monday
2020-01-20,2020,1,1,January,20,4,Monday
2020-04-29,2020,2,4,April,29,18,Wednesday
2020-05-18,2020,2,5,May,18,21,Monday
2020-06-07,2020,2,6,June,7,23,Sunday
2020-07-21,2020,3,7,July,21,30,Tuesday
2020-08-04,2020,3,8,August,4,32,Tuesday
2020-08-12,2020,3,8,August,12,33,Wednesday
2020-08-14,2020,3,8,August,14,33,Friday
2020-09-24,2020,3,9,September,24,39,Thursday
2020-10-31,2020,4,10,October,31,44,Saturday
2020-11-26,2020,4,11,November,26,48,Thursday
2020-12-24,2020,4,12,December,24,52,Thursday
2021-01-13,2021,1,1,January,13,2,Wednesday
2021-02-09,2021,1,2,February,9,6,Tuesday
2016-01-13,2016,1,1,January,13,2,Wednesday
2016-01-15,2016,1,1,January,15,2,Friday
2016-01-28,2016,1,1,January,28,4,Thursday
2016-02-06,2016,1,2,February,6,5,Saturday
2016-02-13,2016,1,2,February,13,6,Saturday
2016-02-28,2016,1,2,February,28,8,Sunday
2016-03-17,2016,1,3,March,17,11,Thursday
2016-04-23,2016,2,4,April,23,16,Saturday
2016-05-24,2016,2,5,May,24,21,Tuesday
2016-05-26,2016,2,5,May,26,21,Thursday
2016-06-04,2016,2,6,June,4,22,Saturday
2016-06-15,2016,2,6,June,15,24,Wednesday
2016-06-17,2016,2,6,June,17,24,Friday
2016-06-29,2016,2,6,June,29,26,Wednesday
2016-07-09,2016,3,7,July,9,27,Saturday
2016-07-17,2016,3,7,July,17,28,Sunday
2016-07-19,2016,3,7,July,19,29,Tuesday
2016-08-01,2016,3,8,August,1,31,Monday
2016-08-03,2016,3,8,August,3,31,Wednesday
2016-08-16,2016,3,8,August,16,33,Tuesday
2016-08-24,2016,3,8,August,24,34,Wednesday
2016-08-25,2016,3,8,August,25,34,Thursday
2016-08-27,2016,3,8,August,27,34,Saturday
2016-09-02,2016,3,9,September,2,35,Friday
2016-09-04,2016,3,9,September,4,35,Sunday
2016-09-15,2016,3,9,September,15,37,Thursday
2016-10-01,2016,4,10,October,1,39,Saturday
2016-10-03,2016,4,10,October,3,40,Monday
2016-10-20,2016,4,10,October,20,42,Thursday
2016-10-23,2016,4,10,October,23,42,Sunday
2016-10-26,2016,4,10,October,26,43,Wednesday
2016-11-25,2016,4,11,November,25,47,Friday
2016-12-08,2016,4,12,December,8,49,Thursday
2016-12-18,2016,4,12,December,18,50,Sunday
2016-12-19,2016,4,12,December,19,51,Monday
2016-12-24,2016,4,12,December,24,51,Saturday
2017-01-16,2017,1,1,January,16,3,Monday
2017-01-31,2017,1,1,January,31,5,Tuesday
2017-02-09,2017,1,2,February,9,6,Thursday
2017-02-23,2017,1,2,February,23,8,Thursday
2017-03-05,2017,1,3,March,5,9,Sunday
2017-05-08,2017,2,5,May,8,19,Monday
2017-06-29,2017,2,6,June,29,26,Thursday
2017-07-07,2017,3,7,July,7,27,Friday
2017-07-13,2017,3,7,July,13,28,Thursday
2017-09-07,2017,3,9,September,7,36,Thursday
2017-09-13,2017,3,9,September,13,37,Wednesday
2017-09-29,2017,3,9,September,29,39,Friday
2017-10-03,2017,4,10,October,3,40,Tuesday
2017-10-07,2017,4,10,October,7,40,Saturday
2017-10-10,2017,4,10,October,10,41,Tuesday
2017-10-25,2017,4,10,October,25,43,Wednesday
2017-10-27,2017,4,10,October,27,43,Friday
2017-11-22,2017,4,11,November,22,47,Wednesday
2017-11-26,2017,4,11,November,26,47,Sunday
2017-12-30,2017,4,12,December,30,52,Saturday
2018-01-05,2018,1,1,January,5,1,Friday
2018-01-10,2018,1,1,January,10,2,Wednesday
2018-01-18,2018,1,1,January,18,3,Thursday
2018-01-27,2018,1,1,January,27,4,Saturday
2018-01-28,2018,1,1,January,28,4,Sunday
2018-02-07,2018,1,2,February,7,6,Wednesday
2018-02-19,2018,1,2,February,19,8,Monday
2018-03-07,2018,1,3,March,7,10,Wednesday
2018-05-05,2018,2,5,May,5,18,Saturday
2018-05-13,2018,2,5,May,13,19,Sunday
2018-06-02,2018,2,6,June,2,22,Saturday
2018-06-26,2018,2,6,June,26,26,Tuesday
2018-07-20,2018,3,7,July,20,29,Friday
2018-07-22,2018,3,7,July,22,29,Sunday
2018-09-11,2018,3,9,September,11,37,Tuesday
2018-10-14,2018,4,10,October,14,41,Sunday
2018-11-03,2018,4,11,November,3,44,Saturday
2018-11-12,2018,4,11,November,12,46,Monday
2018-11-15,2018,4,11,November,15,46,Thursday
2018-11-20,2018,4,11,November,20,47,Tuesday
2018-11-22,2018,4,11,November,22,47,Thursday
2018-12-28,2018,4,12,December,28,52,Friday
2019-01-08,2019,1,1,January,8,2,Tuesday
2019-02-25,2019,1,2,February,25,9,Monday
2019-03-19,2019,1,3,March,19,12,Tuesday
2019-04-24,2019,2,4,April,24,17,Wednesday
2019-05-16,2019,2,5,May,16,20,Thursday
2019-05-18,2019,2,5,May,18,20,Saturday
2019-05-29,2019,2,5,May,29,22,Wednesday
2019-06-19,2019,2,6,June,19,25,Wednesday
2019-07-25,2019,3,7,July,25,30,Thursday
2019-08-10,2019,3,8,August,10,32,Saturday
2019-08-18,2019,3,8,August,18,33,Sunday
2019-09-03,2019,3,9,September,3,36,Tuesday
2019-09-10,2019,3,9,September,10,37,Tuesday
2019-09-14,2019,3,9,September,14,37,Saturday
2019-11-16,2019,4,11,November,16,46,Saturday
2019-11-29,2019,4,11,November,29,48,Friday
2019-12-01,2019,4,12,December,1,48,Sunday
2019-12-20,2019,4,12,December,20,51,Friday
2020-01-07,2020,1,1,January,7,2,Tuesday
2020-02-10,2020,1,2,February,10,7,Monday
2020-02-17,2020,1,2,February,17,8,Monday
2020-05-13,2020,2,5,May,13,20,Wednesday
2020-05-14,2020,2,5,May,14,20,Thursday
2020-05-16,2020,2,5,May,16,20,Saturday
2020-06-12,2020,2,6,June,12,24,Friday
2020-06-16,2020,2,6,June,16,25,Tuesday
2020-07-01,2020,3,7,July,1,27,Wednesday
2020-07-05,2020,3,7,July,5,27,Sunday
2020-07-14,2020,3,7,July,14,29,Tuesday
2020-08-28,2020,3,8,August,28,35,Friday
2020-08-29,2020,3,8,August,29,35,Saturday
2020-09-03,2020,3,9,September,3,36,Thursday
2020-09-30,2020,3,9,September,30,40,Wednesday
2020-10-08,2020,4,10,October,8,41,Thursday
2020-10-22,2020,4,10,October,22,43,Thursday
2020-11-04,2020,4,11,November,4,45,Wednesday
2020-11-07,2020,4,11,November,7,45,Saturday
2020-12-02,2020,4,12,December,2,49,Wednesday
2020-12-25,2020,4,12,December,25,52,Friday
2021-01-15,2021,1,1,January,15,2,Friday
2021-01-16,2021,1,1,January,16,2,Saturday
2021-02-16,2021,1,2,February,16,7,Tuesday
2016-01-01,2016,1,1,January,1,53,Friday
2016-01-25,2016,1,1,January,25,4,Monday
2016-01-29,2016,1,1,January,29,4,Friday
2016-02-22,2016,1,2,February,22,8,Monday
2016-02-24,2016,1,2,February,24,8,Wednesday
2016-05-25,2016,2,5,May,25,21,Wednesday
2016-06-06,2016,2,6,June,6,23,Monday
2016-06-08,2016,2,6,June,8,23,Wednesday
2016-06-23,2016,2,6,June,23,25,Thursday
2016-07-05,2016,3,7,July,5,27,Tuesday
2016-07-16,2016,3,7,July,16,28,Saturday
2016-07-25,2016,3,7,July,25,30,Monday
2016-07-30,2016,3,7,July,30,30,Saturday
2016-09-14,2016,3,9,September,14,37,Wednesday
2016-09-22,2016,3,9,September,22,38,Thursday
2016-09-30,2016,3,9,September,30,39,Friday
2016-10-14,2016,4,10,October,14,41,Friday
2016-10-18,2016,4,10,October,18,42,Tuesday
2016-11-04,2016,4,11,November,4,44,Friday
2016-11-30,2016,4,11,November,30,48,Wednesday
2016-12-12,2016,4,12,December,12,50,Monday
2016-12-14,2016,4,12,December,14,50,Wednesday
2016-12-25,2016,4,12,December,25,51,Sunday
2016-12-31,2016,4,12,December,31,52,Saturday
2017-01-12,2017,1,1,January,12,2,Thursday
2017-01-20,2017,1,1,January,20,3,Friday
2017-05-02,2017,2,5,May,2,18,Tuesday
2017-05-07,2017,2,5,May,7,18,Sunday
2017-05-24,2017,2,5,May,24,21,Wednesday
2017-06-04,2017,2,6,June,4,22,Sunday
2017-06-08,2017,2,6,June,8,23,Thursday
2017-07-16,2017,3,7,July,16,28,Sunday
2017-07-21,2017,3,7,July,21,29,Friday
2017-07-29,2017,3,7,July,29,30,Saturday
2017-08-10,2017,3,8,August,10,32,Thursday
2017-08-14,2017,3,8,August,14,33,Monday
2017-09-15,2017,3,9,September,15,37,Friday
2017-09-16,2017,3,9,September,16,37,Saturday
2017-10-06,2017,4,10,October,6,40,Friday
2017-11-21,2017,4,11,November,21,47,Tuesday
2017-12-04,2017,4,12,December,4,49,Monday
2017-12-06,2017,4,12,December,6,49,Wednesday
2017-12-07,2017,4,12,December,7,49,Thursday
2017-12-13,2017,4,12,December,13,50,Wednesday
2017-12-19,2017,4,12,December,19,51,Tuesday
2018-01-08,2018,1,1,January,8,2,Monday
2018-01-11,2018,1,1,January,11,2,Thursday
2018-01-26,2018,1,1,January,26,4,Friday
2018-02-02,2018,1,2,February,2,5,Friday
2018-02-03,2018,1,2,February,3,5,Saturday
2018-02-06,2018,1,2,February,6,6,Tuesday
2018-02-15,2018,1,2,February,15,7,Thursday
2018-03-04,2018,1,3,March,4,9,Sunday
2018-03-06,2018,1,3,March,6,10,Tuesday
2018-05-20,2018,2,5,May,20,20,Sunday
2018-06-10,2018,2,6,June,10,23,Sunday
2018-07-10,2018,3,7,July,10,28,Tuesday
2018-07-11,2018,3,7,July,11,28,Wednesday
2018-07-14,2018,3,7,July,14,28,Saturday
2018-08-17,2018,3,8,August,17,33,Friday
2018-08-29,2018,3,8,August,29,35,Wednesday
2018-09-22,2018,3,9,September,22,38,Saturday
2018-10-10,2018,4,10,October,10,41,Wednesday
2018-11-16,2018,4,11,November,16,46,Friday
2018-11-29,2018,4,11,November,29,48,Thursday
2018-12-06,2018,4,12,December,6,49,Thursday
2018-12-15,2018,4,12,December,15,50,Saturday
2018-12-16,2018,4,12,December,16,50,Sunday
2018-12-18,2018,4,12,December,18,51,Tuesday
2018-12-25,2018,4,12,December,25,52,Tuesday
2018-12-27,2018,4,12,December,27,52,Thursday
2019-01-18,2019,1,1,January,18,3,Friday
2019-01-29,2019,1,1,January,29,5,Tuesday
2019-02-24,2019,1,2,February,24,8,Sunday
2019-04-26,2019,2,4,April,26,17,Friday
2019-04-29,2019,2,4,April,29,18,Monday
2019-05-13,2019,2,5,May,13,20,Monday
2019-05-14,2019,2,5,May,14,20,Tuesday
2019-07-04,2019,3,7,July,4,27,Thursday
2019-07-06,2019,3,7,July,6,27,Saturday
2019-07-24,2019,3,7,July,24,30,Wednesday
2019-08-01,2019,3,8,August,1,31,Thursday
2019-08-14,2019,3,8,August,14,33,Wednesday
2019-09-19,2019,3,9,September,19,38,Thursday
2019-10-14,2019,4,10,October,14,42,Monday
2019-11-15,2019,4,11,November,15,46,Friday
2019-12-08,2019,4,12,December,8,49,Sunday
2019-12-30,2019,4,12,December,30,1,Monday
2020-01-18,2020,1,1,January,18,3,Saturday
2020-01-29,2020,1,1,January,29,5,Wednesday
2020-01-30,2020,1,1,January,30,5,Thursday
2020-02-03,2020,1,2,February,3,6,Monday
2020-02-04,2020,1,2,February,4,6,Tuesday
2020-02-21,2020,1,2,February,21,8,Friday
2020-03-06,2020,1,3,March,6,10,Friday
2020-03-09,2020,1,3,March,9,11,Monday
2020-03-11,2020,1,3,March,11,11,Wednesday
2020-03-15,2020,1,3,March,15,11,Sunday
2020-05-27,2020,2,5,May,27,22,Wednesday
2020-06-25,2020,2,6,June,25,26,Thursday
2020-08-08,2020,3,8,August,8,32,Saturday
2020-08-13,2020,3,8,August,13,33,Thursday
2020-08-25,2020,3,8,August,25,35,Tuesday
2020-09-01,2020,3,9,September,1,36,Tuesday
2020-09-05,2020,3,9,September,5,36,Saturday
2020-09-07,2020,3,9,September,7,37,Monday
2020-09-12,2020,3,9,September,12,37,Saturday
2020-12-20,2020,4,12,December,20,51,Sunday
2021-01-01,2021,1,1,January,1,53,Friday
2021-01-05,2021,1,1,January,5,1,Tuesday
2021-01-21,2021,1,1,January,21,3,Thursday
2021-01-22,2021,1,1,January,22,3,Friday
2021-02-03,2021,1,2,February,3,5,Wednesday
2021-02-12,2021,1,2,February,12,6,Friday
2021-02-17,2021,1,2,February,17,7,Wednesday
2016-01-09,2016,1,1,January,9,1,Saturday
2016-01-12,2016,1,1,January,12,2,Tuesday
2016-01-14,2016,1,1,January,14,2,Thursday
2016-02-01,2016,1,2,February,1,5,Monday
2016-02-04,2016,1,2,February,4,5,Thursday
2016-02-14,2016,1,2,February,14,6,Sunday
2016-05-07,2016,2,5,May,7,18,Saturday
2016-06-12,2016,2,6,June,12,23,Sunday
2016-06-22,2016,2,6,June,22,25,Wednesday
2016-06-30,2016,2,6,June,30,26,Thursday
2016-08-11,2016,3,8,August,11,32,Thursday
2016-08-19,2016,3,8,August,19,33,Friday
2016-09-05,2016,3,9,September,5,36,Monday
2016-10-15,2016,4,10,October,15,41,Saturday
2016-10-25,2016,4,10,October,25,43,Tuesday
2016-10-27,2016,4,10,October,27,43,Thursday
2017-01-08,2017,1,1,January,8,1,Sunday
2017-01-15,2017,1,1,January,15,2,Sunday
2017-02-27,2017,1,2,February,27,9,Monday
2017-03-17,2017,1,3,March,17,11,Friday
2017-04-25,2017,2,4,April,25,17,Tuesday
2017-04-29,2017,2,4,April,29,17,Saturday
2017-06-01,2017,2,6,June,1,22,Thursday
2017-07-19,2017,3,7,July,19,29,Wednesday
2017-07-31,2017,3,7,July,31,31,Monday
2017-08-03,2017,3,8,August,3,31,Thursday
2017-09-08,2017,3,9,September,8,36,Friday
2017-09-24,2017,3,9,September,24,38,Sunday
2017-10-22,2017,4,10,October,22,42,Sunday
2017-10-23,2017,4,10,October,23,43,Monday
2017-10-29,2017,4,10,October,29,43,Sunday
2017-11-04,2017,4,11,November,4,44,Saturday
2017-11-12,2017,4,11,November,12,45,Sunday
2017-11-28,2017,4,11,November,28,48,Tuesday
2017-12-09,2017,4,12,December,9,49,Saturday
2017-12-11,2017,4,12,December,11,50,Monday
2018-01-14,2018,1,1,January,14,2,Sunday
2018-01-15,2018,1,1,January,15,3,Monday
2018-02-24,2018,1,2,February,24,8,Saturday
2018-02-27,2018,1,2,February,27,9,Tuesday
2018-03-08,2018,1,3,March,8,10,Thursday
2018-03-09,2018,1,3,March,9,10,Friday
2018-03-17,2018,1,3,March,17,11,Saturday
2018-05-07,2018,2,5,May,7,19,Monday
2018-06-13,2018,2,6,June,13,24,Wednesday
2018-07-19,2018,3,7,July,19,29,Thursday
2018-07-26,2018,3,7,July,26,30,Thursday
2018-08-11,2018,3,8,August,11,32,Saturday
2018-10-22,2018,4,10,October,22,43,Monday
2018-12-03,2018,4,12,December,3,49,Monday
2018-12-12,2018,4,12,December,12,50,Wednesday
2019-01-19,2019,1,1,January,19,3,Saturday
2019-01-25,2019,1,1,January,25,4,Friday
2019-02-28,2019,1,2,February,28,9,Thursday
2019-03-01,2019,1,3,March,1,9,Friday
2019-03-14,2019,1,3,March,14,11,Thursday
2019-03-18,2019,1,3,March,18,12,Monday
2019-05-19,2019,2,5,May,19,20,Sunday
2019-05-21,2019,2,5,May,21,21,Tuesday
2019-05-27,2019,2,5,May,27,22,Monday
2019-06-10,2019,2,6,June,10,24,Monday
2019-06-24,2019,2,6,June,24,26,Monday
2019-06-28,2019,2,6,June,28,26,Friday
2019-07-01,2019,3,7,July,1,27,Monday
2019-07-15,2019,3,7,July,15,29,Monday
2019-08-04,2019,3,8,August,4,31,Sunday
2019-08-16,2019,3,8,August,16,33,Friday
2019-08-25,2019,3,8,August,25,34,Sunday
2019-09-05,2019,3,9,September,5,36,Thursday
2019-09-07,2019,3,9,September,7,36,Saturday
2019-09-08,2019,3,9,September,8,36,Sunday
2019-10-02,2019,4,10,October,2,40,Wednesday
2019-10-03,2019,4,10,October,3,40,Thursday
2019-10-05,2019,4,10,October,5,40,Saturday
2019-10-13,2019,4,10,October,13,41,Sunday
2019-11-13,2019,4,11,November,13,46,Wednesday
2019-11-28,2019,4,11,November,28,48,Thursday
2019-12-14,2019,4,12,December,14,50,Saturday
2019-12-26,2019,4,12,December,26,52,Thursday
2020-01-03,2020,1,1,January,3,1,Friday
2020-02-05,2020,1,2,February,5,6,Wednesday
2020-02-06,2020,1,2,February,6,6,Thursday
2020-03-05,2020,1,3,March,5,10,Thursday
2020-05-03,2020,2,5,May,3,18,Sunday
2020-05-04,2020,2,5,May,4,19,Monday
2020-05-09,2020,2,5,May,9,19,Saturday
2020-05-17,2020,2,5,May,17,20,Sunday
2020-06-08,2020,2,6,June,8,24,Monday
2020-06-20,2020,2,6,June,20,25,Saturday
2020-07-06,2020,3,7,July,6,28,Monday
2020-07-08,2020,3,7,July,8,28,Wednesday
2020-09-22,2020,3,9,September,22,39,Tuesday
2020-10-09,2020,4,10,October,9,41,Friday
2020-10-13,2020,4,10,October,13,42,Tuesday
2020-10-16,2020,4,10,October,16,42,Friday
2020-11-02,2020,4,11,November,2,45,Monday
2020-11-17,2020,4,11,November,17,47,Tuesday
2020-12-04,2020,4,12,December,4,49,Friday
2020-12-17,2020,4,12,December,17,51,Thursday
2020-12-19,2020,4,12,December,19,51,Saturday
2021-01-07,2021,1,1,January,7,1,Thursday
2021-02-01,2021,1,2,February,1,5,Monday
2021-02-04,2021,1,2,February,4,5,Thursday
2016-01-03,2016,1,1,January,3,53,Sunday
2016-02-09,2016,1,2,February,9,6,Tuesday
2016-02-21,2016,1,2,February,21,7,Sunday
2016-02-23,2016,1,2,February,23,8,Tuesday
2016-02-26,2016,1,2,February,26,8,Friday
2016-05-12,2016,2,5,May,12,19,Thursday
2016-05-16,2016,2,5,May,16,20,Monday
2016-05-27,2016,2,5,May,27,21,Friday
2016-06-24,2016,2,6,June,24,25,Friday
2016-09-09,2016,3,9,September,9,36,Friday
2016-09-19,2016,3,9,September,19,38,Monday
2016-09-28,2016,3,9,September,28,39,Wednesday
2016-11-08,2016,4,11,November,8,45,Tuesday
2016-11-20,2016,4,11,November,20,46,Sunday
2016-11-28,2016,4,11,November,28,48,Monday
2016-11-29,2016,4,11,November,29,48,Tuesday
2017-01-01,2017,1,1,January,1,52,Sunday
2017-02-05,2017,1,2,February,5,5,Sunday
2017-02-25,2017,1,2,February,25,8,Saturday
2017-02-26,2017,1,2,February,26,8,Sunday
2017-04-28,2017,2,4,April,28,17,Friday
2017-05-03,2017,2,5,May,3,18,Wednesday
2017-05-17,2017,2,5,May,17,20,Wednesday
2017-05-28,2017,2,5,May,28,21,Sunday
2017-06-06,2017,2,6,June,6,23,Tuesday
2017-06-12,2017,2,6,June,12,24,Monday
2017-08-11,2017,3,8,August,11,32,Friday
2017-08-27,2017,3,8,August,27,34,Sunday
2017-09-23,2017,3,9,September,23,38,Saturday
2017-10-20,2017,4,10,October,20,42,Friday
2017-11-07,2017,4,11,November,7,45,Tuesday
2017-11-14,2017,4,11,November,14,46,Tuesday
2017-12-03,2017,4,12,December,3,48,Sunday
2018-01-09,2018,1,1,January,9,2,Tuesday
2018-02-09,2018,1,2,February,9,6,Friday
2018-02-14,2018,1,2,February,14,7,Wednesday
2018-02-17,2018,1,2,February,17,7,Saturday
2018-03-15,2018,1,3,March,15,11,Thursday
2018-03-16,2018,1,3,March,16,11,Friday
2018-06-12,2018,2,6,June,12,24,Tuesday
2018-06-18,2018,2,6,June,18,25,Monday
2018-07-25,2018,3,7,July,25,30,Wednesday
2018-08-05,2018,3,8,August,5,31,Sunday
2018-08-16,2018,3,8,August,16,33,Thursday
2018-08-20,2018,3,8,August,20,34,Monday
2018-08-28,2018,3,8,August,28,35,Tuesday
2018-09-02,2018,3,9,September,2,35,Sunday
2018-09-08,2018,3,9,September,8,36,Saturday
2018-09-09,2018,3,9,September,9,36,Sunday
2018-09-24,2018,3,9,September,24,39,Monday
2018-09-26,2018,3,9,September,26,39,Wednesday
2018-10-06,2018,4,10,October,6,40,Saturday
2018-10-07,2018,4,10,October,7,40,Sunday
2018-10-09,2018,4,10,October,9,41,Tuesday
2018-10-29,2018,4,10,October,29,44,Monday
2018-10-31,2018,4,10,October,31,44,Wednesday
2018-11-14,2018,4,11,November,14,46,Wednesday
2018-11-21,2018,4,11,November,21,47,Wednesday
2018-12-13,2018,4,12,December,13,50,Thursday
2019-01-11,2019,1,1,January,11,2,Friday
2019-02-10,2019,1,2,February,10,6,Sunday
2019-02-21,2019,1,2,February,21,8,Thursday
2019-06-03,2019,2,6,June,3,23,Monday
2019-06-16,2019,2,6,June,16,24,Sunday
2019-06-26,2019,2,6,June,26,26,Wednesday
2019-07-29,2019,3,7,July,29,31,Monday
2019-08-03,2019,3,8,August,3,31,Saturday
2019-08-09,2019,3,8,August,9,32,Friday
2019-08-23,2019,3,8,August,23,34,Friday
2019-08-28,2019,3,8,August,28,35,Wednesday
2019-08-30,2019,3,8,August,30,35,Friday
2019-09-02,2019,3,9,September,2,36,Monday
2019-10-15,2019,4,10,October,15,42,Tuesday
2019-10-19,2019,4,10,October,19,42,Saturday
2019-11-19,2019,4,11,November,19,47,Tuesday
2019-11-21,2019,4,11,November,21,47,Thursday
2019-12-22,2019,4,12,December,22,51,Sunday
2019-12-24,2019,4,12,December,24,52,Tuesday
2020-01-11,2020,1,1,January,11,2,Saturday
2020-01-21,2020,1,1,January,21,4,Tuesday
2020-01-25,2020,1,1,January,25,4,Saturday
2020-02-18,2020,1,2,February,18,8,Tuesday
2020-02-29,2020,1,2,February,29,9,Saturday
2020-03-10,2020,1,3,March,10,11,Tuesday
2020-05-06,2020,2,5,May,6,19,Wednesday
2020-05-21,2020,2,5,May,21,21,Thursday
2020-05-25,2020,2,5,May,25,22,Monday
2020-06-02,2020,2,6,June,2,23,Tuesday
2020-06-13,2020,2,6,June,13,24,Saturday
2020-06-21,2020,2,6,June,21,25,Sunday
2020-06-28,2020,2,6,June,28,26,Sunday
2020-07-10,2020,3,7,July,10,28,Friday
2020-07-22,2020,3,7,July,22,30,Wednesday
2020-08-11,2020,3,8,August,11,33,Tuesday
2020-10-01,2020,4,10,October,1,40,Thursday
2020-11-14,2020,4,11,November,14,46,Saturday
2020-11-23,2020,4,11,November,23,48,Monday
2020-12-03,2020,4,12,December,3,49,Thursday
2021-01-11,2021,1,1,January,11,2,Monday
2021-01-14,2021,1,1,January,14,2,Thursday
2021-01-19,2021,1,1,January,19,3,Tuesday
2021-01-20,2021,1,1,January,20,3,Wednesday
2016-01-10,2016,1,1,January,10,1,Sunday
2016-01-20,2016,1,1,January,20,3,Wednesday
2016-01-21,2016,1,1,January,21,3,Thursday
2016-02-02,2016,1,2,February,2,5,Tuesday
2016-02-17,2016,1,2,February,17,7,Wednesday
2016-02-29,2016,1,2,February,29,9,Monday
2016-03-10,2016,1,3,March,10,10,Thursday
2016-06-13,2016,2,6,June,13,24,Monday
2016-07-07,2016,3,7,July,7,27,Thursday
2016-07-23,2016,3,7,July,23,29,Saturday
2016-07-27,2016,3,7,July,27,30,Wednesday
2016-08-05,2016,3,8,August,5,31,Friday
2016-08-12,2016,3,8,August,12,32,Friday
2016-08-22,2016,3,8,August,22,34,Monday
2016-09-01,2016,3,9,September,1,35,Thursday
2016-09-16,2016,3,9,September,16,37,Friday
2016-10-28,2016,4,10,October,28,43,Friday
2016-11-24,2016,4,11,November,24,47,Thursday
2016-12-07,2016,4,12,December,7,49,Wednesday
2017-01-21,2017,1,1,January,21,3,Saturday
2017-03-11,2017,1,3,March,11,10,Saturday
2017-03-14,2017,1,3,March,14,11,Tuesday
2017-03-15,2017,1,3,March,15,11,Wednesday
2017-05-14,2017,2,5,May,14,19,Sunday
2017-07-11,2017,3,7,July,11,28,Tuesday
2017-08-05,2017,3,8,August,5,31,Saturday
2017-08-19,2017,3,8,August,19,33,Saturday
2017-08-21,2017,3,8,August,21,34,Monday
2017-08-28,2017,3,8,August,28,35,Monday
2017-09-30,2017,3,9,September,30,39,Saturday
2017-10-12,2017,4,10,October,12,41,Thursday
2017-10-21,2017,4,10,October,21,42,Saturday
2017-12-14,2017,4,12,December,14,50,Thursday
2017-12-25,2017,4,12,December,25,52,Monday
2017-12-28,2017,4,12,December,28,52,Thursday
2017-12-29,2017,4,12,December,29,52,Friday
2018-01-24,2018,1,1,January,24,4,Wednesday
2018-02-04,2018,1,2,February,4,5,Sunday
2018-02-08,2018,1,2,February,8,6,Thursday
2018-02-26,2018,1,2,February,26,9,Monday
2018-05-11,2018,2,5,May,11,19,Friday
2018-05-15,2018,2,5,May,15,20,Tuesday
2018-05-18,2018,2,5,May,18,20,Friday
2018-05-28,2018,2,5,May,28,22,Monday
2018-05-31,2018,2,5,May,31,22,Thursday
2018-06-07,2018,2,6,June,7,23,Thursday
2018-06-24,2018,2,6,June,24,25,Sunday
2018-06-29,2018,2,6,June,29,26,Friday
2018-07-03,2018,3,7,July,3,27,Tuesday
2018-07-09,2018,3,7,July,9,28,Monday
2018-07-13,2018,3,7,July,13,28,Friday
2018-07-16,2018,3,7,July,16,29,Monday
2018-08-15,2018,3,8,August,15,33,Wednesday
2018-08-24,2018,3,8,August,24,34,Friday
2018-08-26,2018,3,8,August,26,34,Sunday
2018-09-03,2018,3,9,September,3,36,Monday
2018-09-07,2018,3,9,September,7,36,Friday
2018-09-14,2018,3,9,September,14,37,Friday
2018-09-18,2018,3,9,September,18,38,Tuesday
2018-09-25,2018,3,9,September,25,39,Tuesday
2018-10-13,2018,4,10,October,13,41,Saturday
2018-11-02,2018,4,11,November,2,44,Friday
2018-12-02,2018,4,12,December,2,48,Sunday
2018-12-10,2018,4,12,December,10,50,Monday
2018-12-19,2018,4,12,December,19,51,Wednesday
2019-01-15,2019,1,1,January,15,3,Tuesday
2019-01-27,2019,1,1,January,27,4,Sunday
2019-02-01,2019,1,2,February,1,5,Friday
2019-02-09,2019,1,2,February,9,6,Saturday
2019-02-11,2019,1,2,February,11,7,Monday
2019-02-26,2019,1,2,February,26,9,Tuesday
2019-03-02,2019,1,3,March,2,9,Saturday
2019-03-05,2019,1,3,March,5,10,Tuesday
2019-04-28,2019,2,4,April,28,17,Sunday
2019-05-28,2019,2,5,May,28,22,Tuesday
2019-07-05,2019,3,7,July,5,27,Friday
2019-07-10,2019,3,7,July,10,28,Wednesday
2019-08-13,2019,3,8,August,13,33,Tuesday
2019-08-29,2019,3,8,August,29,35,Thursday
2019-09-09,2019,3,9,September,9,37,Monday
2019-10-27,2019,4,10,October,27,43,Sunday
2019-11-06,2019,4,11,November,6,45,Wednesday
2019-11-10,2019,4,11,November,10,45,Sunday
2019-11-12,2019,4,11,November,12,46,Tuesday
2019-11-27,2019,4,11,November,27,48,Wednesday
2019-12-11,2019,4,12,December,11,50,Wednesday
2019-12-27,2019,4,12,December,27,52,Friday
2020-01-01,2020,1,1,January,1,1,Wednesday
2020-01-10,2020,1,1,January,10,2,Friday
2020-01-16,2020,1,1,January,16,3,Thursday
2020-05-24,2020,2,5,May,24,21,Sunday
2020-05-26,2020,2,5,May,26,22,Tuesday
2020-06-11,2020,2,6,June,11,24,Thursday
2020-06-30,2020,2,6,June,30,27,Tuesday
2020-07-04,2020,3,7,July,4,27,Saturday
2020-07-07,2020,3,7,July,7,28,Tuesday
2020-07-12,2020,3,7,July,12,28,Sunday
2020-07-13,2020,3,7,July,13,29,Monday
2020-07-23,2020,3,7,July,23,30,Thursday
2020-07-25,2020,3,7,July,25,30,Saturday
2020-07-31,2020,3,7,July,31,31,Friday
2020-08-20,2020,3,8,August,20,34,Thursday
2020-08-22,2020,3,8,August,22,34,Saturday
2020-08-27,2020,3,8,August,27,35,Thursday
2020-09-23,2020,3,9,September,23,39,Wednesday
2020-10-30,2020,4,10,October,30,44,Friday
2020-11-09,2020,4,11,November,9,46,Monday
2021-01-02,2021,1,1,January,2,53,Saturday
2021-01-06,2021,1,1,January,6,1,Wednesday
2021-01-18,2021,1,1,January,18,3,Monday
